Workbook

Sheet retail_sales_dataset
A1: Transaction ID | B1: Date | C1: Customer ID | D1: Gender | E1: Age | F1: Product Category | G1: Quantity | H1: Price per Unit | I1: Total Amount
A2: 1 | B2: 45254 | C2: CUST001 | D2: Male | E2: 34 | F2: Beauty | G2: 3 | H2: 50 | I2: 150
A3: 2 | B3: 44984 | C3: CUST002 | D3: Female | E3: 26 | F3: Clothing | G3: 2 | H3: 500 | I3: 1000
A4: 3 | B4: 44939 | C4: CUST003 | D4: Male | E4: 50 | F4: Electronics | G4: 1 | H4: 30 | I4: 30
A5: 4 | B5: 45067 | C5: CUST004 | D5: Male | E5: 37 | F5: Clothing | G5: 1 | H5: 500 | I5: 500
A6: 5 | B6: 45052 | C6: CUST005 | D6: Male | E6: 30 | F6: Beauty | G6: 2 | H6: 50 | I6: 100
A7: 6 | B7: 45041 | C7: CUST006 | D7: Female | E7: 45 | F7: Beauty | G7: 1 | H7: 30 | I7: 30
A8: 7 | B8: 44998 | C8: CUST007 | D8: Male | E8: 46 | F8: Clothing | G8: 2 | H8: 25 | I8: 50
A9: 8 | B9: 44979 | C9: CUST008 | D9: Male | E9: 30 | F9: Electronics | G9: 4 | H9: 25 | I9: 100
A10: 9 | B10: 45273 | C10: CUST009 | D10: Male | E10: 63 | F10: Electronics | G10: 2 | H10: 300 | I10: 600
A11: 10 | B11: 45206 | C11: CUST010 | D11: Female | E11: 52 | F11: Clothing | G11: 4 | H11: 50 | I11: 200
A12: 11 | B12: 44971 | C12: CUST011 | D12: Male | E12: 23 | F12: Clothing | G12: 2 | H12: 50 | I12: 100
A13: 12 | B13: 45229 | C13: CUST012 | D13: Male | E13: 35 | F13: Beauty | G13: 3 | H13: 25 | I13: 75
... A1001: 1000 | B1001: 45028 | C1001: CUST1000 | D1001: Male | E1001: 47 | F1001: Electronics | G1001: 4 | H1001: 30 | I1001: 120

Sheet Dataset Understanding
F1: Dataset Understanding
F4: Questions | K4: Answer
F5: How many rows are in the dataset? | K5: 1000
F6: How many columns are in the dataset? | K6: 9
F7: What type of data is stored in the Date column? | K7: Date
F8: What type of data is stored in the Product Category column? | K8: Text
F9: What type of data is stored in the Total Amount column? | K9: Number(Numerical)
F10: What are the unique product categories available in the dataset? | K10: Beauty, Clothing, Electronics
F11: What is the minimum and maximum age of customers? | K11: Minimum Age =18 and Maximum Age = 64

Sheet Cleaned Data
A1: Transaction ID | B1: Date | C1: Customer ID | D1: Gender | E1: Age | F1: Product Category | G1: Quantity | H1: Price per Unit | I1: Calculated Total | J1: Total Amount | K1: Amount Check | L1: Column1
A2: 595 | B2: 45239 | C2: CUST595 | D2: Female | E2: 18 | F2: Clothing | G2: 4 | H2: 500 | I2: =Table4[[#This Row],[Quantity]]*Table4[[#This Row],[Price per Unit]] -> 2000 | J2: 2000 | K2: =IF(Table4[[#This Row],[Total Amount]]=Table4[[#This Row],[Calculated Total]],"Correct","Check") -> Correct
A3: 74 | B3: 45252 | C3: CUST074 | D3: Female | E3: 18 | F3: Beauty | G3: 4 | H3: 500 | I3: =Table4[[#This Row],[Quantity]]*Table4[[#This Row],[Price per Unit]] -> 2000 | J3: 2000 | K3: =IF(Table4[[#This Row],[Total Amount]]=Table4[[#This Row],[Calculated Total]],"Correct","Check") -> Correct
A4: 169 | B4: 45247 | C4: CUST169 | D4: Male | E4: 18 | F4: Beauty | G4: 3 | H4: 500 | I4: =Table4[[#This Row],[Quantity]]*Table4[[#This Row],[Price per Unit]] -> 1500 | J4: 1500 | K4: =IF(Table4[[#This Row],[Total Amount]]=Table4[[#This Row],[Calculated Total]],"Correct","Check") -> Correct
A5: 58 | B5: 45243 | C5: CUST058 | D5: Male | E5: 18 | F5: Clothing | G5: 4 | H5: 300 | I5: =Table4[[#This Row],[Quantity]]*Table4[[#This Row],[Price per Unit]] -> 1200 | J5: 1200 | K5: =IF(Table4[[#This Row],[Total Amount]]=Table4[[#This Row],[Calculated Total]],"Correct","Check") -> Correct
A6: 847 | B6: 45024 | C6: CUST847 | D6: Female | E6: 18 | F6: Electronics | G6: 4 | H6: 300 | I6: =Table4[[#This Row],[Quantity]]*Table4[[#This Row],[Price per Unit]] -> 1200 | J6: 1200 | K6: =IF(Table4[[#This Row],[Total Amount]]=Table4[[#This Row],[Calculated Total]],"Correct","Check") -> Correct
A7: 461 | B7: 45010 | C7: CUST461 | D7: Female | E7: 18 | F7: Beauty | G7: 2 | H7: 500 | I7: =Table4[[#This Row],[Quantity]]*Table4[[#This Row],[Price per Unit]] -> 1000 | J7: 1000 | K7: =IF(Table4[[#This Row],[Total Amount]]=Table4[[#This Row],[Calculated Total]],"Correct","Check") -> Correct
A8: 283 | B8: 45054 | C8: CUST283 | D8: Female | E8: 18 | F8: Electronics | G8: 1 | H8: 500 | I8: =Table4[[#This Row],[Quantity]]*Table4[[#This Row],[Price per Unit]] -> 500 | J8: 500 | K8: =IF(Table4[[#This Row],[Total Amount]]=Table4[[#This Row],[Calculated Total]],"Correct","Check") -> Correct
A9: 714 | B9: 44969 | C9: CUST714 | D9: Female | E9: 18 | F9: Clothing | G9: 1 | H9: 500 | I9: =Table4[[#This Row],[Quantity]]*Table4[[#This Row],[Price per Unit]] -> 500 | J9: 500 | K9: =IF(Table4[[#This Row],[Total Amount]]=Table4[[#This Row],[Calculated Total]],"Correct","Check") -> Correct
A10: 514 | B10: 44986 | C10: CUST514 | D10: Female | E10: 18 | F10: Electronics | G10: 1 | H10: 300 | I10: =Table4[[#This Row],[Quantity]]*Table4[[#This Row],[Price per Unit]] -> 300 | J10: 300 | K10: =IF(Table4[[#This Row],[Total Amount]]=Table4[[#This Row],[Calculated Total]],"Correct","Check") -> Correct
A11: 538 | B11: 45186 | C11: CUST538 | D11: Male | E11: 18 | F11: Clothing | G11: 3 | H11: 50 | I11: =Table4[[#This Row],[Quantity]]*Table4[[#This Row],[Price per Unit]] -> 150 | J11: 150 | K11: =IF(Table4[[#This Row],[Total Amount]]=Table4[[#This Row],[Calculated Total]],"Correct","Check") -> Correct
A12: 530 | B12: 44962 | C12: CUST530 | D12: Female | E12: 18 | F12: Electronics | G12: 4 | H12: 30 | I12: =Table4[[#This Row],[Quantity]]*Table4[[#This Row],[Price per Unit]] -> 120 | J12: 120 | K12: =IF(Table4[[#This Row],[Total Amount]]=Table4[[#This Row],[Calculated Total]],"Correct","Check") -> Correct
A13: 22 | B13: 45214 | C13: CUST022 | D13: Male | E13: 18 | F13: Clothing | G13: 2 | H13: 50 | I13: =Table4[[#This Row],[Quantity]]*Table4[[#This Row],[Price per Unit]] -> 100 | J13: 100 | K13: =IF(Table4[[#This Row],[Total Amount]]=Table4[[#This Row],[Calculated Total]],"Correct","Check") -> Correct
... A1001: 223 | B1001: 44959 | C1001: CUST223 | D1001: Female | E1001: 64 | F1001: Clothing | G1001: 1 | H1001: 25 | I1001: =Table4[[#This Row],[Quantity]]*Table4[[#This Row],[Price per Unit]] -> 25 | J1001: 25 | K1001: =IF(Table4[[#This Row],[Total Amount]]=Table4[[#This Row],[Calculated Total]],"Correct","Check") -> Correct

Sheet Data Quality Check
A1: Transaction ID | B1: Date | C1: Customer ID | D1: Gender | E1: Age | F1: Product Category | G1: Quantity | H1: Price per Unit | I1: Total Amount
A2: 1 | B2: 45254 | C2: CUST001 | D2: Male | E2: 34 | F2: Beauty | G2: 3 | H2: 50 | I2: 150 | K2: Data Quality Check
A3: 2 | B3: 44984 | C3: CUST002 | D3: Female | E3: 26 | F3: Clothing | G3: 2 | H3: 500 | I3: 1000
A4: 3 | B4: 44939 | C4: CUST003 | D4: Male | E4: 50 | F4: Electronics | G4: 1 | H4: 30 | I4: 30 | K4: Questions | O4: Ans
A5: 4 | B5: 45067 | C5: CUST004 | D5: Male | E5: 37 | F5: Clothing | G5: 1 | H5: 500 | I5: 500 | K5: Are there any blank cells in the dataset? | O5: =COUNTBLANK(Table46[#All]) -> 0
A6: 5 | B6: 45052 | C6: CUST005 | D6: Male | E6: 30 | F6: Beauty | G6: 2 | H6: 50 | I6: 100 | K6: Are there any duplicate rows? | O6: No Duplicate found
A7: 6 | B7: 45041 | C7: CUST006 | D7: Female | E7: 45 | F7: Beauty | G7: 1 | H7: 30 | I7: 30 | K7: Are all values in the Quantity column valid? | O7: =COUNTIF(Table46[[#All],[Quantity]],"<=0") -> 0
A8: 7 | B8: 44998 | C8: CUST007 | D8: Male | E8: 46 | F8: Clothing | G8: 2 | H8: 25 | I8: 50 | K8: Are all values in the Price per Unit column valid? | O8: =COUNTIF(Table46[[#All],[Price per Unit]],"<=0") -> 0
A9: 8 | B9: 44979 | C9: CUST008 | D9: Male | E9: 30 | F9: Electronics | G9: 4 | H9: 25 | I9: 100
A10: 9 | B10: 45273 | C10: CUST009 | D10: Male | E10: 63 | F10: Electronics | G10: 2 | H10: 300 | I10: 600
A11: 10 | B11: 45206 | C11: CUST010 | D11: Female | E11: 52 | F11: Clothing | G11: 4 | H11: 50 | I11: 200
A12: 11 | B12: 44971 | C12: CUST011 | D12: Male | E12: 23 | F12: Clothing | G12: 2 | H12: 50 | I12: 100
A13: 12 | B13: 45229 | C13: CUST012 | D13: Male | E13: 35 | F13: Beauty | G13: 3 | H13: 25 | I13: 75
A14: 13 | B14: 45143 | C14: CUST013 | D14: Male | E14: 22 | F14: Electronics | G14: 3 | H14: 500 | I14: 1500
A15: 14 | B15: 44943 | C15: CUST014 | D15: Male | E15: 64 | F15: Clothing | G15: 4 | H15: 30 | I15: 120
A16: 15 | B16: 44942 | C16: CUST015 | D16: Female | E16: 42 | F16: Electronics | G16: 4 | H16: 500 | I16: 2000
A17: 16 | B17: 44974 | C17: CUST016 | D17: Male | E17: 19 | F17: Clothing | G17: 3 | H17: 500 | I17: 1500
A18: 17 | B18: 45038 | C18: CUST017 | D18: Female | E18: 27 | F18: Clothing | G18: 4 | H18: 25 | I18: 100
A19: 18 | B19: 45046 | C19: CUST018 | D19: Female | E19: 47 | F19: Electronics | G19: 2 | H19: 25 | I19: 50
A20: 19 | B20: 45185 | C20: CUST019 | D20: Female | E20: 62 | F20: Clothing | G20: 2 | H20: 25 | I20: 50
... A1001: 1000 | B1001: 45028 | C1001: CUST1000 | D1001: Male | E1001: 47 | F1001: Electronics | G1001: 4 | H1001: 30 | I1001: 120

Sheet Basic Analysis
A1: Basic Analysis By Formulas
A2: Questions | E2: Answer By Formulas
A3: Total sales amount | E3: =SUM('Cleaned Data'!J1:J1001) -> 456000
A4: Average sales amount | E4: =AVERAGE('Cleaned Data'!J1:J1001) -> 456
A5: Minimum sales amount | E5: =MIN('Cleaned Data'!J1:J1001) -> 25
A6: Maximum sales amount | E6: =MAX('Cleaned Data'!J1:J1001) -> 2000
A7: Total quantity sold | E7: =SUM('Cleaned Data'!G1:G1001) -> 2514
A8: Average customer age | E8: =AVERAGE('Cleaned Data'!E1:E1001) -> 41.392
A9: Youngest customer age | E9: =MIN('Cleaned Data'!E1:E1001) -> 18
A10: Oldest customer age | E10: =MAX('Cleaned Data'!E1:E1001) -> 64
A11: Total number of transactions | E11: =COUNTA('Cleaned Data'!A1:A1001) -> 1001
A12: Total number of unique product categories | E12: =SUMPRODUCT(1/COUNTIF('Cleaned Data'!F1:F1001,'Cleaned Data'!F1:F1001)) -> 4
B15: Small Summary
A18: Small Summary ( Sales by Product Category)
B21: Product Category Total Sales
B22: Category | D22: Sale
B23: Beauty | D23: =SUMIF('Cleaned Data'!F1:F990,"Beauty",'Cleaned Data'!J1:J990) -> 143275
B24: Clothing | D24: =SUMIF('Cleaned Data'!F1:F990,"Clothing",'Cleaned Data'!J1:J990) -> 155465
B25: Electronics | D25: =SUMIF('Cleaned Data'!F1:F990,"Electronics",'Cleaned Data'!J1:J990) -> 156805
A28: Small Summary (Quantity Sold by Product Category)
B31: Product Category Total Quantity Sold
B32: Category | D32: Sale
B33: Beauty | D33: =SUMIF('Cleaned Data'!F1:F990,"Beauty",'Cleaned Data'!G1:G990) -> 764
B34: Clothing | D34: =SUMIF('Cleaned Data'!F1:F990,"Clothing",'Cleaned Data'!G1:G990) -> 890
B35: Electronics | D35: =SUMIF('Cleaned Data'!F1:F990,"Electronics",'Cleaned Data'!G1:G990) -> 845
A37: Small Summary (Sales by Gender)
B40: Gender Total Sales
B41: Gender | D41: Sale
B42: MALE | D42: =SUMIF('Cleaned Data'!D1:D990,"Male",'Cleaned Data'!J1:J990) -> 223010
B43: FEMALE | D43: =SUMIF('Cleaned Data'!D1:D990,"Female",'Cleaned Data'!J1:J990) -> 232535

Sheet sorting filter screenshort
D2: Screenshorts of Sorting and filtering
D6: Q no 1: | E6: Which transaction has the highest total amount? | M6: (Filter/Sorting Apply on Total Amount Column)
D30: Q no 2: | E30: Which transaction has the lowest total amount? | M30: (Filter/Sorting Apply on Total Amount Column)
D56: Q no: 3 | E56: Show only transactions where Product Category is Clothing. | N56: (Filter Apply on Product Category)
D81: Q no 4: | E81: Show only transactions where Gender is Female. | N81: (Filter/ Sorting Apply on Gender column)
D106: Q no 5: | E106: Show only transactions where Quantity is greater than 2. | N106: (Filter Apply on Quantity column)
D133: Q no 6 | E133: Sort the dataset from youngest customer to oldest customer. | N133: (Filter/ Sorting Apply on Age Column)

Sheet Charts
D1: Basic Charts
C8: Total Sales by Product Category
C26: Total Quantity Sold by Product Category
C45: Total Sales by Gender

Sheet Observation
B1: Observations from Retail Sales Analysis
B4: 1 | C4: The highest sales category is Electronics, generating total sales of 156,805.
B5: 2 | C5: The lowest sales category is Beauty, generating total sales of 143,275.
B6: 3 | C6: Female customers generated total sales of 232,535.
B7: 4 | C7: Male customers generated total sales of 223,010.
B8: 5 | C8: The average customer age is approximately 41.4 years.
B9: 6 | C9: The total quantity of items sold across all transactions is 2,514 units.
B10: 7 | C10: The highest single transaction amount recorded is 2,000.
